URL, wistiaId-1, wistiaId-2, wistiaId-3, wistiaId-4, wistiaId-5, wistiaId-6, wistiaId-7, wistiaId-8 
https://www.exactsciences.com/about/health-equity, offvrte14l
https://www.exactsciences.com/science, 2wtxdovzbe
https://www.exactsciences.com/de-de, 7eiybco9ri
https://www.exactsciences.com, oh8goj9xse,3jz6orousb,rpne0gson3
https://www.exactsciences.com/it-it, 7wo9v2avvv
https://www.exactsciences.com/about/collaborations, bdyevslhbn
https://www.exactsciences.com/fr-fr, 9k61q0byyv
https://www.exactsciences.com/about, oh8goj9xse
https://www.exactsciences.com/en-gb, 9qmf7zko74
https://www.exactsciences.com/cologuard-10-year-anniversary, oczbtjxkgr,s1krhbpqbf,zrtw09mvx9,homrodzvu7,z91ikha2sb,arcyc9mftj
https://www.exactsciences.com/news-events/articles/fda-approval-previews-the-cologuard-test-s-next-chapter, arcyc9mftj
https://www.exactsciences.com/newsroom/news-and-stories/exact-sciences-explains-genomic-testing, zna9vh1ihu
https://www.exactsciences.com/newsroom/news-and-stories/personalizing-breast-cancer-care-the-impact-of-two-clinical-studies, 0u3h6clvxv
https://www.exactsciences.com/newsroom/media-inquiry, r66vsgrzgp,79d6cdaiqi
https://www.exactsciences.com/corporate-impact-community-relations/forward-spirit-focus-feeding-america, 6zst3izxof
https://www.exactsciences.com/corporate-impact-community-relations/exact-sciences-receives-prestigious-leed-gold-building-certification, 63od0qzicj
https://www.exactsciences.com/newsroom/news-and-stories/celebrating-colorectal-cancer-survivors, r66vsgrzgp
https://www.exactsciences.com/newsroom/news-and-stories/meet-the-team-behind-your-cancer-care, b92idialap
https://www.exactsciences.com/corporate-impact-community-relations/tag/community-engagement?page=6, 99kpjl5ssc
https://www.exactsciences.com/newsroom/news-and-stories/exact-sciences-explains-efficient-frontier, j8qa0b8f69
https://www.exactsciences.com/corporate-impact-community-relations, 3w7aabkiy8
https://www.exactsciences.com/newsroom/news-and-stories/we-are-exact, dvbm4vazla
https://www.exactsciences.com/corporate-impact-community-relations/tag/community-engagement?page=5, 99kpjl5ssc
https://www.exactsciences.com/newsroom/news-and-stories/exact-sciences-explains-computer-simulations, 9bdue3pggn
https://www.exactsciences.com/corporate-impact-community-relations/forward-spirit-focus-urban-league-of-greater-madison, qgsplrs9nv
https://www.exactsciences.com/newsroom/news-and-stories/meet-exact-sciences-a-dedicated-team-of-cancer-fighters, z7ogei9fyn
https://www.exactsciences.com/corporate-impact-community-relations/forward-spirit-focus-cook-it-forward, xu9x0uyjel
https://www.exactsciences.com/news-events/media-inquiry, r66vsgrzgp,79d6cdaiqi
https://www.exactsciences.com/newsroom/news-and-stories/the-toll-of-a-diagnosis-a-candid-conversation-on-life-death-and-terminal-illness, 0hnjf6g35c
https://www.exactsciences.com/newsroom/news-and-stories/fda-approval-previews-the-cologuard-test-s-next-chapter, arcyc9mftj
https://www.exactsciences.com/corporate-impact-community-relations/forward-spirit-honoree-gildas-club-madison, u5p7ucpvm9
https://www.exactsciences.com/corporate-impact-community-relations/forward-spirit-2020, xu8crv4zrg
https://www.exactsciences.com/newsroom/news-and-stories/colorectal-cancer-screening-adherence-and-the-importance-of-shared-decision-making, d7maa480a2
https://www.exactsciences.com/~/link.aspx?_id=2C7654E06EE0490AA96400EF71E4CAF7&_z=z, z7ogei9fyn
https://www.exactsciences.com/newsroom/news-and-stories/what-i-wish-i-d-known, usohherpa0
https://www.exactsciences.com/newsroom/news-and-stories/exact-sciences-explains-sensitivity-and-specificity, s88i616pje
https://www.exactsciences.com/corporate-impact-community-relations/tag/community-engagement?page=2, 99kpjl5ssc
https://www.exactsciences.com/newsroom/news-and-stories/breaking-new-ground-in-multi-cancer-screening, qdnsqs44up
https://www.exactsciences.com/corporate-impact-community-relations/tag/community-engagement?page=3, 99kpjl5ssc
https://www.exactsciences.com/newsroom/news-and-stories/Published-Resources/exact-sciences-explains-genomic-testing, zna9vh1ihu
https://www.exactsciences.com/newsroom/news-and-stories/power-in-numbers, qr38uvlr6a
https://www.exactsciences.com/newsroom/news-and-stories/behind-the-scenes-of-the-company-developing-cancer-tests-that-could-change-millions-of-lives, g9rtnqjt9y
https://www.exactsciences.com/corporate-impact-community-relations/going-the-extra-mile, pa40e39tb1
https://www.exactsciences.com/newsroom/news-and-stories/always-delivering-ups-and-the-cologuard-test, 0etlq83u62
https://www.exactsciences.com/corporate-impact-community-relations/tag/community-engagement, 99kpjl5ssc
https://www.exactsciences.com/newsroom/news-and-stories/how-breast-cancer-has-impacted-one-family-for-more-than-three-generations, 0l3cdrm8g1
https://www.exactsciences.com/exactacademy/resources/content-hub, eb8v617dk2,32cjyot8fr,5666idhacf,zjpkf94qqv,qwxg13mfxr,zjpkf94qqv,kvloppzaqc
https://www.exactsciences.com/newsroom/news-and-stories/support-and-sisterhood, nlouzu9xjn
https://www.exactsciences.com/~/link.aspx?_id=824A61FC57554116ABF712E5CED46862&_z=z, r66vsgrzgp,79d6cdaiqi
https://www.exactsciences.com/corporate-impact-community-relations/forward-spirit-focus-foundation-for-madisons-public-schools, ats0g7q3pa
https://www.exactsciences.com/newsroom/news-and-stories/breast-cancer-life-changing-advancements-and-what-s-next-, 1knevb71ht
https://www.exactsciences.com/newsroom/news-and-stories/what-i-ve-learned-build-a-life-i-love-everyday, rrcmxv1o4g
https://www.exactsciences.com/corporate-impact-community-relations/forward-spirit-focus-meadowood-health-partnership, epa5ikak9j
https://www.exactsciences.com/corporate-impact-community-relations/forward-spirit-focus-boys-and-girls-clubs-of-the-peninsula, 49t6gi70ix
https://www.exactsciences.com/cancer-testing/riskguard-patients, e5i18qbjsp
https://www.exactsciences.com/cancer-testing/riskguard-patients, e5i18qbjsp
https://www.exactsciences.com/cancer-testing/riskguard-patients, 64dzkh47bu
https://www.exactsciences.com/news-events/articles/exact-sciences-explains-computer-simulations, 9bdue3pggn
https://www.exactsciences.com/corporate-impact-community-relations/tag/sustainability?page=2, lcurn1ocem
https://www.exactsciences.com/corporate-impact-community-relations/more-than-500000-covid-19-results-processed, h93xydq3rh
https://www.exactsciences.com/news-events/articles/support-and-sisterhood, nlouzu9xjn
https://www.exactsciences.com/newsroom/news-and-stories/exact-sciences-explains-cancer-moonshot, y7b3u3ub5i
https://www.exactsciences.com/newsroom/news-and-stories/the-reality-of-health-disparities-in-cancer-care, offvrte14l
https://www.exactsciences.com/newsroom/news-and-stories/advocating-at-the-white-house, 5qjbkb4kob
https://www.exactsciences.com/newsroom/news-and-stories/ride-along-with-a-cologuard-kit-through-the-laboratory, 9ghwyw7v71
https://www.exactsciences.com/corporate-impact-community-relations/freight-farm-comes-to-exact-sciences, czvl3ysvgc
https://www.exactsciences.com/newsroom/news-and-stories/exact-sciences-explains-blue-c, 31nlcsdvxb
https://www.exactsciences.com/corporate-impact-community-relations/tag/commitment-to-eradicate-cancer?page=3, dhn818qh7g
