https://www.exactsciences.com/en-gb, 9qmf7zko74
https://www.exactsciences.com/science, 2wtxdovzbe
https://www.exactsciences.com/fr-fr, 9k61q0byyv
https://www.exactsciences.com/about/health-equity, offvrte14l
https://www.exactsciences.com, oh8goj9xse,3jz6orousb
https://www.exactsciences.com, rpne0gson3
https://www.exactsciences.com/it-it, 7wo9v2avvv
https://www.exactsciences.com/de-de, 7eiybco9ri
https://www.exactsciences.com/about, oh8goj9xse
https://www.exactsciences.com/about/collaborations, bdyevslhbn
https://www.exactsciences.com/cologuard-10-year-anniversary, oczbtjxkgr,s1krhbpqbf,zrtw09mvx9,homrodzvu7
https://www.exactsciences.com/cologuard-10-year-anniversary, z91ikha2sb,arcyc9mftj
https://www.exactsciences.com/newsroom/news-and-stories/personalizing-breast-cancer-care-the-impact-of-two-clinical-studies, 0u3h6clvxv
https://www.exactsciences.com/news-events/media-inquiry, r66vsgrzgp,79d6cdaiqi
https://www.exactsciences.com/newsroom/news-and-stories/exact-sciences-recognized-as-top-workplace, yis4c3q2tk
https://www.exactsciences.com/newsroom/news-and-stories/meet-the-team-behind-your-cancer-care, b92idialap
https://www.exactsciences.com/corporate-impact-community-relations/tag/community-engagement, 99kpjl5ssc
https://www.exactsciences.com/newsroom/news-and-stories/what-i-ve-learned-build-a-life-i-love-everyday, rrcmxv1o4g
https://www.exactsciences.com/newsroom/news-and-stories/exact-sciences-explains-computer-simulations, 9bdue3pggn
https://www.exactsciences.com/newsroom/news-and-stories/Published-Resources/exact-sciences-explains-genomic-testing, zna9vh1ihu
https://www.exactsciences.com/news-events/media-inquiry/, r66vsgrzgp,79d6cdaiqi
https://www.exactsciences.com/newsroom/news-and-stories/advocating-at-the-white-house, 5qjbkb4kob
https://www.exactsciences.com/news-events/articles/breast-cancer-life-changing-advancements-and-what-s-next-, 1knevb71ht
https://www.exactsciences.com/newsroom/news-and-stories/breaking-new-ground-in-multi-cancer-screening, qdnsqs44up
https://www.exactsciences.com/corporate-impact-community-relations/tag/community-engagement?page=3, 99kpjl5ssc
https://www.exactsciences.com/corporate-impact-community-relations/tag/community-engagement?page=5, 99kpjl5ssc
https://www.exactsciences.com/corporate-impact-community-relations/exact-sciences-receives-prestigious-leed-gold-building-certification, 63od0qzicj
https://www.exactsciences.com/corporate-impact-community-relations, 3w7aabkiy8
https://www.exactsciences.com/corporate-impact-community-relations/forward-spirit-focus-foundation-for-madisons-public-schools, ats0g7q3pa
https://www.exactsciences.com/corporate-impact-community-relations/forward-spirit-focus-boys-and-girls-clubs-of-the-peninsula, 49t6gi70ix
https://www.exactsciences.com/corporate-impact-community-relations/forward-spirit-focus-cook-it-forward, xu9x0uyjel
https://www.exactsciences.com/newsroom/media-inquiry, r66vsgrzgp,79d6cdaiqi
https://www.exactsciences.com/news-events/articles/support-and-sisterhood, nlouzu9xjn
