URL, wistiaId-1, wistiaId-2, wistiaId-3, wistiaId-4
https://www.exactsciences.com/fr-fr, 9k61q0byyv
https://www.exactsciences.com/it-it, 7wo9v2avvv
https://www.exactsciences.com, oh8goj9xse,3jz6orousb,rpne0gson3
https://www.exactsciences.com/de-de, 7eiybco9ri
https://www.exactsciences.com/en-gb, 9qmf7zko74
https://www.exactsciences.com/about, oh8goj9xse
https://www.exactsciences.com/science, 2wtxdovzbe
https://www.exactsciences.com/about/health-equity, offvrte14l
https://www.exactsciences.com/about/collaborations, bdyevslhbn
https://www.exactsciences.com/cologuard-10-year-anniversary, oczbtjxkgr,s1krhbpqbf,zrtw09mvx9,homrodzvu7,z91ikha2sb,arcyc9mftj
https://www.exactsciences.com/news-events/articles/fda-approval-previews-the-cologuard-test-s-next-chapter, arcyc9mftj
https://www.exactsciences.com/newsroom/news-and-stories/how-breast-cancer-has-impacted-one-family-for-more-than-three-generations, 0l3cdrm8g1
https://www.exactsciences.com/newsroom/news-and-stories/the-harm-of-hiding-a-breast-cancer-diagnosis, xvlfuchx2c
https://www.exactsciences.com/newsroom/media-inquiry, r66vsgrzgp,79d6cdaiqi
https://www.exactsciences.com/newsroom/news-and-stories/personalizing-breast-cancer-care-the-impact-of-two-clinical-studies, 0u3h6clvxv
https://www.exactsciences.com/news-events/articles/exact-sciences-explains-computer-simulations, 9bdue3pggn
https://www.exactsciences.com/newsroom/news-and-stories/the-big-questions, r2pnaqrf7i
https://www.exactsciences.com/corporate-impact-community-relations/forward-spirit-focus-meadowood-health-partnership, epa5ikak9j
https://www.exactsciences.com/newsroom/news-and-stories/always-delivering-ups-and-the-cologuard-test, 0etlq83u62
https://www.exactsciences.com/newsroom/news-and-stories/breast-cancer-life-changing-advancements-and-what-s-next-, 1knevb71ht
https://www.exactsciences.com/corporate-impact-community-relations/forward-spirit-focus-cook-it-forward, xu9x0uyjel
https://www.exactsciences.com/cancer-testing/riskguard-patients, e5i18qbjsp
https://www.exactsciences.com/newsroom/news-and-stories/breaking-new-ground-in-multi-cancer-screening, qdnsqs44up
https://www.exactsciences.com/cancer-testing/riskguard-patients, e5i18qbjsp,64dzkh47bu
https://www.exactsciences.com/newsroom/news-and-stories/power-in-numbers, qr38uvlr6a
https://www.exactsciences.com/newsroom/news-and-stories/fda-approval-previews-the-cologuard-test-s-next-chapter, arcyc9mftj
https://www.exactsciences.com/corporate-impact-community-relations/forward-spirit-honoree-gildas-club-madison, u5p7ucpvm9
https://www.exactsciences.com/news-events/articles/support-and-sisterhood, nlouzu9xjn
https://www.exactsciences.com/news-events/media-inquiry, r66vsgrzgp,79d6cdaiqi
https://www.exactsciences.com/corporate-impact-community-relations/going-the-extra-mile, pa40e39tb1
https://www.exactsciences.com/newsroom/news-and-stories/exact-sciences-explains-computer-simulations, 9bdue3pggn
https://www.exactsciences.com/corporate-impact-community-relations/tag/community-engagement?page=4, 99kpjl5ssc
https://www.exactsciences.com/newsroom/news-and-stories/behind-the-scenes-of-the-company-developing-cancer-tests-that-could-change-millions-of-lives, g9rtnqjt9y
https://www.exactsciences.com/corporate-impact-community-relations/we-stand-with, 3w7aabkiy8
https://www.exactsciences.com/news-events/articles/breast-cancer-life-changing-advancements-and-what-s-next-, 1knevb71ht
https://www.exactsciences.com/corporate-impact-community-relations/tag/commitment-to-eradicate-cancer, dhn818qh7g
https://www.exactsciences.com/newsroom/news-and-stories/we-are-exact, dvbm4vazla
https://www.exactsciences.com/corporate-impact-community-relations/forward-spirit-focus-urban-league-of-greater-madison, qgsplrs9nv
https://www.exactsciences.com/~/link.aspx?_id=824A61FC57554116ABF712E5CED46862&_z=z, r66vsgrzgp
https://www.exactsciences.com/~/link.aspx?_id=824A61FC57554116ABF712E5CED46862&_z=z, 79d6cdaiqi
https://www.exactsciences.com/corporate-impact-community-relations/tag/community-engagement, 99kpjl5ssc
https://www.exactsciences.com/newsroom/news-and-stories/what-i-wish-i-d-known, usohherpa0
https://www.exactsciences.com/corporate-impact-community-relations/forward-spirit-2020, xu8crv4zrg
https://www.exactsciences.com/newsroom/news-and-stories/meet-exact-sciences-a-dedicated-team-of-cancer-fighters, z7ogei9fyn
https://www.exactsciences.com/newsroom/news-and-stories/exact-sciences-explains-blue-c, 31nlcsdvxb
https://www.exactsciences.com/corporate-impact-community-relations/exact-sciences-receives-prestigious-leed-gold-building-certification, 63od0qzicj
https://www.exactsciences.com/corporate-impact-community-relations/freight-farm-comes-to-exact-sciences, czvl3ysvgc

